{"cameraMode":{"drawMode":0,"name":"Shaded","section":"Shading Mode"},"sceneLighting":true,"audioPlay":false,"sceneViewState":{"m_AlwaysRefresh":false,"showFog":true,"showSkybox":true,"showFlares":true,"showImageEffects":true,"showParticleSystems":true,"showVisualEffectGraphs":true,"m_FxEnabled":true},"in2DMode":false,"pivot":{"x":-5.349149703979492,"y":1.159937858581543,"z":12.085956573486329},"rotation":{"x":0.20663008093833924,"y":-0.5334075093269348,"z":0.13657882809638978,"w":0.8091793060302734},"size":20.340999603271486,"orthographic":false}